sensor_type,mean,min,max,stddev,total_count,anomaly_count,anomaly_rate_pct
humidity,58.61901273885352,10.34,104.61,16.014627159186706,314,7,2.23
pressure,1009.325204678363,970.75,1049.81,13.894485175292756,342,49,14.33
temperature,28.893482142857135,-4.38,64.23,11.168544317270912,336,64,19.05
