sensor_type,mean,min,max,stddev,total_count,anomaly_count,anomaly_rate_pct
humidity,59.68006191950468,10.15,102.07,14.924948619693868,323,3,0.93
pressure,1009.1178787878785,970.15,1049.11,12.64264483544131,330,34,10.30
temperature,29.011482558139516,-4.79,64.7,10.600134184735055,344,68,19.77
